{
  "learning_rate": 0.028242174568581337,
  "max_depth": 5,
  "min_child_weight": 44,
  "subsample": 0.6415797966039422,
  "colsample_bytree": 0.7935522806257617,
  "gamma": 4.0913025256243073e-05,
  "reg_alpha": 0.05545778144366222,
  "reg_lambda": 1.0729400828280555,
  "scale_pos_weight": 5.090811578151257,
  "n_estimators": 1000,
  "random_state": 42,
  "n_jobs": -1,
  "eval_metric": "auc",
  "verbosity": 0,
  "device": "cuda",
  "tree_method": "hist",
  "early_stopping_rounds": 150
}