{
  "learning_rate": 0.02672618465139185,
  "max_depth": 6,
  "min_child_weight": 44,
  "subsample": 0.528887893471151,
  "colsample_bytree": 0.9543947257889309,
  "gamma": 0.0016289759783657911,
  "reg_alpha": 0.009471861069590184,
  "reg_lambda": 0.29074442933420297,
  "scale_pos_weight": 5.012079144559626,
  "n_estimators": 1000,
  "random_state": 42,
  "n_jobs": -1,
  "eval_metric": "auc",
  "verbosity": 0,
  "device": "cuda",
  "tree_method": "hist",
  "early_stopping_rounds": 150
}